{
  "generated_at": "2026-03-20T06:41:50.280081+00:00",
  "max_steps": 64,
  "batch_size": 1,
  "dataset_root": "stage-2/datasets/teacher-db",
  "dataset_image_count": 8,
  "loss_curve": [
    0.12680397927761078,
    0.07884086668491364,
    0.1407337635755539,
    0.07609260082244873,
    0.13138428330421448,
    0.07371790707111359,
    0.07265031337738037,
    0.10712067782878876,
    0.07100652903318405,
    0.1138773262500763,
    0.11013111472129822,
    0.10592921823263168,
    0.0957583636045456,
    0.08363892138004303,
    0.07964601367712021,
    0.10576868057250977,
    0.06606040894985199,
    0.10453673452138901,
    0.06510713696479797,
    0.06916920095682144,
    0.05734214931726456,
    0.059995170682668686,
    0.06457735598087311,
    0.04618421941995621,
    0.06490521878004074,
    0.06486155092716217,
    0.042950622737407684,
    0.08494477719068527,
    0.06375153362751007,
    0.0819949358701706,
    0.031818076968193054,
    0.044177889823913574,
    0.07542838901281357,
    0.045225150883197784,
    0.042848359793424606,
    0.02894975058734417,
    0.04224961996078491,
    0.05729867145419121,
    0.038009367883205414,
    0.032304223626852036,
    0.08243794739246368,
    0.01948072761297226,
    0.013113200664520264,
    0.0822468101978302,
    0.029114818200469017,
    0.05874647945165634,
    0.017157163470983505,
    0.07451091706752777,
    0.05140959471464157,
    0.028011813759803772,
    0.0641031563282013,
    0.037867769598960876,
    0.029513198882341385,
    0.03931252658367157,
    0.057087939232587814,
    0.038082439452409744,
    0.021037915721535683,
    0.03078690730035305,
    0.01161461416631937,
    0.037080783396959305,
    0.02078612893819809,
    0.05411027371883392,
    0.03773530572652817,
    0.05175413936376572
  ],
  "final_loss": 0.05175413936376572,
  "elapsed_seconds": 0.957
}
